LastName,FirstName,EmpID,PerfScoreID,Salary,Termd,job_position,State,Zip,DOB,Sex,MaritalDesc,CitizenDesc,HispanicLatino,RaceDesc,DateofHire,DateofTermination,TenureofTerminatedEmp,TermReason,EmploymentStatus,Department,ManagerName,ManagerID,RecruitmentSource,PerformanceScore,EngagementSurvey,EmpSatisfaction,LastPerformanceReview_Date,Absences
Candie, Calvin,10001,4,72640,0,Production Manager,MA,2169,08-09-1983,M ,Single,US Citizen,No,White,28-01-2016,,,,Active,Production       ,Janet King,2,Indeed,Exceeds,5,3,22-02-2019,14
Anderson, Linda  ,10002,4,57568,0,Production Technician I,MA,1844,22-05-1977,F,Single,US Citizen,No,White,09-01-2012,,,,Active,Production       ,Amy Dunn,11,LinkedIn,Exceeds,5,5,07-01-2019,15
Billis, Helen,10003,4,62910,0,Production Technician I,MA,2031,09-01-1989,F,Married,US Citizen,No,White,07-07-2014,,,,Active,Production       ,Brannon Miller,12,Indeed,Exceeds,5,3,27-02-2019,19
Lynch, Lindsay,10004,4,47434,1,Production Technician I,MA,1844,14-02-1973,F,Single,US Citizen,Yes,Black or African American,07-11-2011,14-11-2015,4.02,Another position,Voluntarily Terminated,Production       ,Webster Butler,39,Diversity Job Fair,Exceeds,5,4,02-02-2015,17
Patronick, Lucas,10005,4,108987,1,Software Engineer,MA,1844,20-02-1979,M ,Single,US Citizen,No,Black or African American,07-11-2011,07-09-2015,3.84,Another position,Voluntarily Terminated,Software Engineering,Alex Sweetwater,10,Diversity Job Fair,Exceeds,5,5,16-08-2015,13
Driver, Elle,10006,4,74241,0,Area Sales Manager,CA,90007,11-08-1988,F,Single,US Citizen,No,White,10-01-2011,,,,Active,Sales,Lynn Daneault,21,Indeed,Exceeds,4.77,5,27-01-2019,14
Harrison, Kara,10007,4,62065,0,Production Technician I,MA,1886,05-02-1974,F,Married,US Citizen,No,White,12-05-2014,,,,Active,Production       ,Amy Dunn,11,CareerBuilder,Exceeds,4.76,4,15-02-2019,5
Lindsay, Leonara ,10008,4,51777,0,IT Support,CT,6070,10-05-1988,F,Single,US Citizen,Yes,Black or African American,21-01-2011,,,,Active,IT/IS,Eric Dougall,6,Diversity Job Fair,Exceeds,4.64,4,25-01-2019,14
Jeannite, Tayana,10009,4,60724,0,Production Technician II,MA,1821,11-06-1986,F,Divorced,US Citizen,No,American Indian or Alaska Native,05-07-2011,,,,Active,Production       ,Ketsia Liebig,19,LinkedIn,Exceeds,4.6,4,25-02-2019,11
Zamora, Jennifer,10010,4,220450,0,CIO,MA,2067,30-08-1979,F,Single,US Citizen,No,White,10-04-2010,,,,Active,IT/IS,Janet King,2,Employee Referral,Exceeds,4.6,5,21-02-2019,16
Rivera, Haley  ,10011,4,46738,0,Production Technician I,MA,2171,01-12-1973,F,Married,US Citizen,No,Asian,28-11-2011,,,,Active,Production       ,Webster Butler,39,Google Search,Exceeds,4.36,5,11-02-2019,16
Barbossa, Hector,10012,4,92328,0,Data Analyst,TX,78230,07-04-1988,M ,Divorced,US Citizen,No,Black or African American,10-11-2014,,,,Active,IT/IS,Simon Roup,4,Diversity Job Fair,Exceeds,4.28,4,25-02-2019,9
Torrence, Jack,10013,4,64397,0,Area Sales Manager,ND,58782,15-01-1968,M ,Separated,US Citizen,No,White,09-01-2006,,,,Active,Sales,Lynn Daneault,21,Indeed,Exceeds,4.1,3,04-01-2019,6
Veera, Abdellah ,10014,4,58523,1,Production Technician I,MA,2171,31-01-1987,M ,Divorced,US Citizen,No,White,13-08-2012,05-02-2016,3.48,maternity leave - did not return,Voluntarily Terminated,Production       ,Kissy Sullivan,20,LinkedIn,Exceeds,4.5,5,01-02-2016,15
Foss, Jason,10015,4,178000,0,IT Director,MA,1460,07-05-1980,M ,Single,US Citizen,No,Black or African American,15-04-2011,,,,Active,IT/IS,Jennifer Zamora,5,Indeed,Exceeds,5,5,07-01-2019,15
Petrowsky, Thelma,10016,4,93554,0,Data Analyst,MA,1886,16-09-1984,F,Married,US Citizen,No,Black or African American,10-11-2014,,,,Active,IT/IS,Simon Roup,4,Employee Referral,Exceeds,4.6,5,04-01-2019,16
Liebig, Ketsia,10017,4,77915,0,Production Manager,MA,2110,26-10-1981,F,Married,US Citizen,No,White,30-09-2013,,,,Active,Production       ,Janet King,2,Website,Exceeds,4.1,3,21-01-2019,11
Girifalco, Evelyn,10018,4,57815,0,Production Technician I,MA,2451,05-08-1980,F,Single,US Citizen,Yes,Two or more races,29-09-2014,,,,Active,Production       ,Amy Dunn,11,Indeed,Exceeds,3.9,4,07-02-2019,3
Corleone, Vito,10019,4,170500,0,Director of Operations,MA,2030,19-03-1983,M ,Single,US Citizen,No,Black or African American,05-01-2009,,,,Active,Production       ,Janet King,2,Indeed,Exceeds,3.7,5,04-02-2019,15
Robinson, Elias,10020,4,63353,0,Production Technician I,MA,1730,28-01-1985,M ,Widowed,US Citizen,No,White,08-07-2013,,,,Active,Production       ,Brannon Miller,12,Employee Referral,Exceeds,3.6,5,11-02-2019,4
Osturnka, Adeel,10021,4,47414,0,Production Technician I,MA,2478,12-11-1976,M ,Married,US Citizen,No,White,30-09-2013,,,,Active,Production       ,Kelley Spirea,18,LinkedIn,Exceeds,5,3,07-02-2019,13
Volk, Colleen,10022,4,49773,1,Production Technician I,MA,2747,06-03-1986,F,Married,US Citizen,No,White,26-09-2011,08-02-2016,4.37,gross misconduct,Terminated for Cause,Production       ,Kelley Spirea,18,Google Search,Exceeds,4.3,5,01-02-2015,18
Beak, Kimberly  ,10023,4,70131,0,Production Technician II,MA,2145,17-04-1966,F,Married,US Citizen,No,White,21-07-2016,,,,Active,Production       ,Kelley Spirea,18,Employee Referral,Exceeds,4.4,3,14-01-2019,16
Szabo, Andrew,10024,4,92989,0,Software Engineer,MA,2140,05-06-1983,M ,Single,US Citizen,No,White,07-07-2014,,,,Active,Software Engineering,Alex Sweetwater,10,LinkedIn,Exceeds,4.5,5,18-02-2019,1
Monterro, Luisa,10025,4,72460,0,Production Technician II,MA,2126,24-04-1970,F,Single,US Citizen,No,Black or African American,13-05-2013,,,,Active,Production       ,Kissy Sullivan,20,Indeed,Exceeds,4.7,3,14-01-2019,1
Adinolfi, Wilson  K,10026,4,62506,0,Production Technician I,MA,1960,07-10-1983,M ,Single,US Citizen,No,White,05-07-2011,,,,Active,Production       ,Michael Albert,22,LinkedIn,Exceeds,4.6,5,17-01-2019,1
Smith, Joe,10027,4,60656,0,Production Technician II,MA,2045,30-10-1963,M ,Single,US Citizen,No,White,29-09-2014,,,,Active,Production       ,Elijiah Gray,16,Indeed,Exceeds,4.3,3,28-01-2019,4
Dougall, Eric,10028,4,138888,0,IT Manager - Support,MA,1886,07-09-1970,M ,Single,US Citizen,No,Black or African American,05-01-2014,,,,Active,IT/IS,Jennifer Zamora,5,Indeed,Exceeds,4.3,5,04-01-2019,4
Clukey, Elijian,10029,4,50373,0,Production Technician I,MA,2134,26-08-1980,M ,Married,US Citizen,No,White,06-07-2016,,,,Active,Production       ,Brannon Miller,12,Employee Referral,Exceeds,4.1,4,28-02-2019,5
Squatrito, Kristen,10030,4,62425,1,Production Technician I,MA,2359,26-03-1973,F,Divorced,US Citizen,No,White,13-05-2013,29-06-2015,2.13,unhappy,Voluntarily Terminated,Production       ,David Stanley,14,LinkedIn,Exceeds,4.1,4,02-03-2015,16
Gonzalez, Cayo,10031,4,59892,0,Production Technician I,MA,2108,29-09-1969,M ,Divorced,US Citizen,No,Black or African American,11-07-2011,,,,Active,Production       ,Brannon Miller,12,Diversity Job Fair,Exceeds,4.5,4,18-02-2019,1
Peters, Lauren,10032,4,57954,1,Production Technician II,MA,1886,17-08-1986,F,Married,US Citizen,No,White,16-05-2011,04-02-2013,1.73,more money,Voluntarily Terminated,Production       ,Ketsia Liebig,19,Indeed,Exceeds,4.2,5,10-01-2013,12
Winthrop, Jordan  ,10033,4,70507,1,Production Technician II,MA,2045,11-07-1958,M ,Single,US Citizen,No,White,07-01-2013,21-02-2016,3.12,retiring,Voluntarily Terminated,Production       ,Brannon Miller,12,LinkedIn,Exceeds,5,3,19-01-2016,7
Johnson, George,10034,4,46837,1,Production Technician I,MA,2445,19-08-1959,M ,Married,US Citizen,No,White,07-11-2011,29-04-2018,6.48,more money,Voluntarily Terminated,Production       ,Michael Albert,22,CareerBuilder,Exceeds,4.7,4,14-02-2018,9
Lunquist, Lisa,10035,4,73330,0,Production Technician II,MA,2324,28-03-1982,F,Single,US Citizen,No,Black or African American,19-08-2013,,,,Active,Production       ,Elijiah Gray,16,Indeed,Exceeds,4.2,4,12-02-2019,19
Johnston, Yen,10036,4,63322,0,Production Technician II,MA,2128,09-08-1969,F,Single,US Citizen,No,White,07-07-2014,,,,Active,Production       ,Brannon Miller,12,LinkedIn,Exceeds,4.3,3,11-01-2019,1
Ngodup, Shari ,10037,4,52984,0,Production Technician I,MA,1810,06-03-1967,F,Separated,US Citizen,No,Black or African American,01-04-2013,,,,Active,Production       ,Brannon Miller,12,Diversity Job Fair,Exceeds,4,3,13-02-2019,12
LaRotonda, William  ,10038,3,64520,0,Accountant I,MA,1460,26-04-1984,M ,Divorced,US Citizen,No,Black or African American,06-01-2014,,,,Active,Admin Offices,Brandon R. LeBlanc,1,Website,Fully Meets,5,4,17-01-2019,3
Singh, Nan ,10039,3,51920,0,Administrative Assistant,MA,2330,19-05-1988,F,Single,US Citizen,No,White,01-05-2015,,,,Active,Admin Offices,Brandon R. LeBlanc,1,Website,Fully Meets,5,3,15-01-2019,2
Carter, Michelle ,10040,3,71860,0,Area Sales Manager,VT,5664,15-05-1963,F,Single,US Citizen,No,White,18-08-2014,,,,Active,Sales,John Smith,17,Indeed,Fully Meets,5,5,21-01-2019,7
Ozark, Travis,10041,3,68829,0,Area Sales Manager,NC,27229,19-05-1982,M ,Single,US Citizen,No,White,05-01-2015,,,,Active,Sales,John Smith,17,Website,Fully Meets,5,5,14-01-2019,18
Nguyen, Dheepa,10042,3,63695,0,Area Sales Manager,GA,30428,31-03-1989,F,Single,US Citizen,No,Two or more races,08-07-2013,,,,Active,Sales,Lynn Daneault,21,Indeed,Fully Meets,5,5,25-01-2019,2
Zhou, Julia,10043,3,89292,0,Data Analyst,MA,2148,24-02-1979,F,Single,US Citizen,No,White,30-03-2015,,,,Active,IT/IS,Simon Roup,4,Employee Referral,Fully Meets,5,3,01-02-2019,11
Tredinnick, Neville ,10044,3,75281,1,Network Engineer,MA,1420,05-05-1988,M ,Married,US Citizen,No,White,05-01-2015,12-02-2016,1.1,medical issues,Voluntarily Terminated,IT/IS,Peter Monroe,7,CareerBuilder,Fully Meets,5,3,15-04-2015,11
Turpin, Jumil,10045,3,76029,0,Network Engineer,MA,2343,31-03-1969,M ,Married,Eligible NonCitizen,No,White,30-03-2015,,,,Active,IT/IS,Peter Monroe,7,Employee Referral,Fully Meets,5,4,14-01-2019,8
Bernstein, Sean,10046,3,51044,0,Production Technician I,MA,2072,22-12-1970,M ,Single,US Citizen,Yes,White,02-04-2012,,,,Active,Production       ,Amy Dunn,11,Google Search,Fully Meets,5,3,14-01-2019,13
Robinson, Alain  ,10047,3,50428,1,Production Technician I,MA,1420,01-07-1974,M ,Married,US Citizen,No,Black or African American,10-01-2011,26-01-2016,5.05,attendance,Voluntarily Terminated,Production       ,Amy Dunn,11,Indeed,Fully Meets,5,3,10-01-2015,11
Wilber, Barry,10048,3,55140,1,Production Technician I,MA,2324,09-09-1965,M ,Married,Eligible NonCitizen,No,White,16-05-2011,07-09-2015,4.32,unhappy,Voluntarily Terminated,Production       ,Amy Dunn,11,Website,Fully Meets,5,3,15-02-2015,7
Fidelia,  Libby,10049,3,58530,0,Production Technician I,MA,2155,16-03-1981,F,Married,US Citizen,No,White,09-01-2012,,,,Active,Production       ,Brannon Miller,12,Google Search,Fully Meets,5,5,29-01-2019,19
Pham, Hong,10050,3,64724,1,Production Technician I,MA,2451,03-06-1988,M ,Married,US Citizen,No,Asian,05-07-2011,30-11-2012,1.41,more money,Voluntarily Terminated,Production       ,Brannon Miller,12,Google Search,Fully Meets,5,3,20-02-2012,13
Gordon, David,10051,3,48285,0,Production Technician I,MA,2169,21-05-1979,M ,Married,US Citizen,No,White,02-07-2012,,,,Active,Production       ,David Stanley,14,LinkedIn,Fully Meets,5,3,14-01-2019,2
Langton, Enrico,10052,3,46120,0,Production Technician I,MA,2048,12-09-1986,M ,Married,US Citizen,No,White,09-07-2012,,,,Active,Production       ,David Stanley,14,LinkedIn,Fully Meets,5,5,04-02-2019,13
Maurice, Shana,10053,3,54132,0,Production Technician I,MA,2330,22-11-1977,F,Married,US Citizen,No,White,31-05-2011,,,,Active,Production       ,David Stanley,14,Indeed,Fully Meets,5,4,10-01-2019,8
Rose, Ashley  ,10054,3,60627,0,Production Technician I,MA,1886,12-05-1974,F,Separated,US Citizen,No,White,06-01-2014,,,,Active,Production       ,David Stanley,14,Website,Fully Meets,5,4,31-01-2019,8
Beatrice, Courtney ,10055,3,59026,0,Production Technician I,MA,1915,27-10-1970,F,Single,Eligible NonCitizen,No,White,04-04-2011,,,,Active,Production       ,Elijiah Gray,16,Google Search,Fully Meets,5,5,14-01-2019,12
Darson, Jene'ya ,10056,3,57583,0,Production Technician I,MA,2110,11-05-1978,F,Married,US Citizen,No,White,02-07-2012,,,,Active,Production       ,Elijiah Gray,16,Indeed,Fully Meets,5,3,25-02-2019,1
Lydon, Allison,10057,3,52057,0,Production Technician I,MA,2122,22-10-1975,F,Married,US Citizen,No,Black or African American,16-02-2015,,,,Active,Production       ,Elijiah Gray,16,Website,Fully Meets,5,3,23-01-2019,6
Rhoads, Thomas,10058,3,45115,1,Production Technician I,MA,2176,22-07-1982,M ,Divorced,US Citizen,Yes,White,16-05-2011,15-01-2016,4.67,retiring,Voluntarily Terminated,Production       ,Elijiah Gray,16,LinkedIn,Fully Meets,5,4,30-03-2015,11
Gross, Paula,10059,3,63813,1,Production Technician I,MA,2176,21-05-1983,F,Divorced,US Citizen,No,White,21-02-2011,11-01-2014,2.89,more money,Voluntarily Terminated,Production       ,Kelley Spirea,18,CareerBuilder,Fully Meets,5,5,03-06-2013,17
Jhaveri, Sneha  ,10060,3,60436,0,Production Technician I,MA,2109,13-04-1964,F,Separated,US Citizen,No,White,06-01-2014,,,,Active,Production       ,Kelley Spirea,18,LinkedIn,Fully Meets,5,5,21-01-2019,9
Bates, Norman,10061,3,57834,1,Production Technician I,MA,2050,18-10-1981,M ,Single,US Citizen,No,White,21-02-2011,04-08-2017,6.45,attendance,Terminated for Cause,Production       ,Kelley Spirea,18,Google Search,Fully Meets,5,4,05-04-2017,20
Athwal, Sam,10062,3,59365,0,Production Technician I,MA,2199,18-02-1983,M ,Widowed,US Citizen,No,White,30-09-2013,,,,Active,Production       ,Ketsia Liebig,19,Employee Referral,Fully Meets,5,4,25-02-2019,19
Newman, Richard ,10063,3,48495,0,Production Technician I,MA,2136,04-08-1977,M ,Married,US Citizen,No,White,12-05-2014,,,,Active,Production       ,Ketsia Liebig,19,LinkedIn,Fully Meets,5,5,18-02-2019,11
Eaton, Marianne,10064,3,60070,1,Production Technician I,MA,2343,09-05-1991,F,Married,US Citizen,No,White,04-04-2011,06-06-2017,6.18,military,Voluntarily Terminated,Production       ,Kissy Sullivan,20,Google Search,Fully Meets,5,3,09-04-2017,7
Rossetti, Bruno,10065,3,53180,1,Production Technician I,MA,2155,18-03-1987,M ,Single,US Citizen,No,White,04-04-2011,13-08-2018,7.36,Another position,Voluntarily Terminated,Production       ,Kissy Sullivan,20,Google Search,Fully Meets,5,5,02-07-2018,4
Barton, Nader,10066,3,52505,1,Production Technician I,MA,2747,15-07-1977,M ,Divorced,US Citizen,No,White,24-09-2012,06-04-2017,4.53,Another position,Voluntarily Terminated,Production       ,Michael Albert,22,On-line Web application,Fully Meets,5,5,02-03-2017,1
Chace, Beatrice ,10067,3,61656,0,Production Technician I,MA,2763,01-02-1951,F,Single,US Citizen,No,White,29-09-2014,,,,Active,Production       ,Michael Albert,22,Google Search,Fully Meets,5,4,12-02-2019,11
Medeiros, Jennifer,10068,3,55688,0,Production Technician I,MA,2346,22-09-1976,F,Single,US Citizen,No,White,30-03-2015,,,,Active,Production       ,Michael Albert,22,CareerBuilder,Fully Meets,5,4,21-01-2019,10
Anderson, Carol ,10069,3,50825,1,Production Technician I,MA,2169,09-08-1989,F,Divorced,US Citizen,No,White,11-07-2011,06-09-2016,5.16,return to school,Voluntarily Terminated,Production       ,Webster Butler,39,Google Search,Fully Meets,5,4,01-02-2016,2
DeGweck,  James,10070,3,55722,1,Production Technician I,MA,1810,31-10-1977,M ,Married,US Citizen,No,White,16-05-2011,08-06-2016,5.07,unhappy,Voluntarily Terminated,Production       ,Webster Butler,39,Indeed,Fully Meets,5,4,02-04-2016,14
Sewkumar, Nori,10071,3,50923,0,Production Technician I,MA,2191,03-10-1975,F,Single,US Citizen,No,Asian,30-09-2013,,,,Active,Production       ,Webster Butler,39,Google Search,Fully Meets,5,5,06-02-2019,14
Whittier, Scott,10072,3,58371,1,Production Technician I,MA,2030,24-05-1987,M ,Single,US Citizen,Yes,White,10-01-2011,15-05-2014,3.35,hours,Voluntarily Terminated,Production       ,Webster Butler,39,LinkedIn,Fully Meets,5,5,15-05-2014,11
Mancuso, Karen,10073,3,68407,1,Production Technician II,MA,2176,12-10-1986,F,Married,US Citizen,No,Two or more races,05-07-2011,19-08-2012,1.13,Another position,Voluntarily Terminated,Production       ,Amy Dunn,11,LinkedIn,Fully Meets,5,4,02-07-2012,16
Hankard, Earnest,10074,3,64246,0,Production Technician II,MA,2155,08-10-1988,M ,Single,US Citizen,Yes,White,11-11-2013,,,,Active,Production       ,Kelley Spirea,18,LinkedIn,Fully Meets,5,3,08-01-2019,20
Hendrickson, Trina,10075,3,68099,1,Production Technician II,MA,2021,27-08-1972,F,Single,US Citizen,No,White,10-01-2011,18-06-2013,2.44,hours,Voluntarily Terminated,Production       ,Kelley Spirea,18,CareerBuilder,Fully Meets,5,3,30-01-2013,15
Carthy, B'rigit,10076,3,55315,0,Production Technician II,MA,2149,21-05-1987,F,Single,US Citizen,No,Black or African American,30-03-2015,,,,Active,Production       ,Ketsia Liebig,19,LinkedIn,Fully Meets,5,5,07-02-2019,16
Manchester, Robyn,10077,3,62385,0,Production Technician II,MA,2324,25-08-1976,F,Married,US Citizen,No,White,11-05-2016,,,,Active,Production       ,Webster Butler,39,LinkedIn,Fully Meets,5,3,21-01-2019,4
Oliver, Brooke ,10078,3,71966,1,Production Technician II,MA,2492,02-11-1952,F,Married,US Citizen,No,Asian,14-05-2012,19-08-2013,1.27,unhappy,Voluntarily Terminated,Production       ,Webster Butler,39,LinkedIn,Fully Meets,5,3,02-07-2013,17
Navathe, Kurt,10079,3,87921,0,Senior BI Developer,MA,2056,25-04-1970,M ,Single,US Citizen,No,Asian,10-02-2017,,,,Active,IT/IS,Brian Champaigne,13,Indeed,Fully Meets,5,3,25-02-2019,17
Foster-Baker, Amy,10080,3,99351,0,Sr. Accountant,MA,2050,16-04-1979,F,Married,US Citizen,no,White,05-01-2009,,,,Active,Admin Offices,Board of Directors,9,Other,Fully Meets,5,3,08-02-2019,3
Boutwell, Bonalyn,10081,3,106367,0,Sr. Accountant,MA,2468,04-04-1987,F,Married,US Citizen,No,Black or African American,16-02-2015,,,,Active,Admin Offices,Brandon R. LeBlanc,3,Diversity Job Fair,Fully Meets,5,4,18-02-2019,4
Carr, Claudia  N,10082,3,100031,0,Sr. DBA,MA,1886,06-06-1986,F,Single,US Citizen,No,Black or African American,30-06-2016,,,,Active,IT/IS,Simon Roup,4,LinkedIn,Fully Meets,5,5,18-02-2019,7
Cross, Noah,10083,3,92329,0,Sr. Network Engineer,CT,6278,09-09-1965,M ,Single,US Citizen,No,White,10-11-2014,,,,Active,IT/IS,Peter Monroe,7,Employee Referral,Fully Meets,5,3,02-01-2019,5
Ait Sidi, Karthikeyan   ,10084,3,104437,1,Sr. DBA,MA,2148,05-05-1975,M ,Married,US Citizen,No,White,30-03-2015,16-06-2016,1.22,career change,Voluntarily Terminated,IT/IS,Simon Roup,4,Indeed,Fully Meets,4.96,3,24-02-2016,17
Carabbio, Judith,10085,3,93396,0,Software Engineer,MA,2132,04-05-1987,F,Single,US Citizen,No,White,11-11-2013,,,,Active,Software Engineering,Alex Sweetwater,10,Indeed,Fully Meets,4.96,4,30-01-2019,3
Roper, Katie,10086,3,150290,0,Data Architect,MA,2056,21-11-1972,F,Single,US Citizen,No,Black or African American,07-01-2017,,,,Active,IT/IS,Brian Champaigne,13,Indeed,Fully Meets,4.94,3,06-02-2019,17
Leach, Dallas,10087,3,63676,1,Production Technician I,MA,1810,17-01-1979,F,Single,US Citizen,No,Asian,26-09-2011,19-08-2018,6.9,return to school,Voluntarily Terminated,Production       ,Kissy Sullivan,20,CareerBuilder,Fully Meets,4.88,3,02-07-2017,17
Alagbe,Trina,10088,3,64991,0,Production Technician I,MA,1886,27-09-1988,F,Married,US Citizen,No,White,07-01-2008,,,,Active,Production       ,Elijiah Gray,16,Indeed,Fully Meets,4.84,5,03-01-2019,15
King, Janet,10089,3,250000,0,President & CEO,MA,1902,21-09-1954,F,Married,US Citizen,Yes,White,02-07-2012,,,,Active,Executive Office,Board of Directors,9,Indeed,Fully Meets,4.83,3,17-01-2019,10
Spirea, Kelley,10090,3,65714,0,Production Manager,MA,2451,30-09-1975,F,Married,US Citizen,No,White,02-10-2012,,,,Active,Production       ,Janet King,2,LinkedIn,Fully Meets,4.83,5,14-02-2019,15
Shields, Seffi,10091,3,52087,0,Production Technician I,MA,2149,24-08-1985,F,Married,US Citizen,No,White,19-08-2013,,,,Active,Production       ,Amy Dunn,11,LinkedIn,Fully Meets,4.81,4,15-02-2019,15
Landa, Hans,10092,3,82758,1,Production Manager,MA,1890,07-01-1972,M ,Married,US Citizen,No,White,10-01-2011,12-12-2015,4.92,attendance,Terminated for Cause,Production       ,Janet King,2,Employee Referral,Fully Meets,4.78,4,15-02-2015,9
Fitzpatrick, Michael  J,10093,3,72609,1,Production Technician II,MA,2143,10-01-1981,M ,Single,US Citizen,Yes,White,16-05-2011,24-06-2013,2.11,hours,Voluntarily Terminated,Production       ,Amy Dunn,11,Google Search,Fully Meets,4.76,5,05-04-2013,20
Cornett, Lisa ,10094,3,63381,0,Production Technician I,MA,2189,31-03-1977,F,Married,US Citizen,Yes,White,05-01-2015,,,,Active,Production       ,Kelley Spirea,18,Indeed,Fully Meets,4.73,5,14-02-2019,6
Sloan, Constance,10095,3,63878,1,Production Technician II,MA,1851,25-11-1987,F,Single,US Citizen,No,White,26-10-2009,08-04-2015,5.45,maternity leave - did not return,Voluntarily Terminated,Production       ,Michael Albert,22,CareerBuilder,Fully Meets,4.68,4,02-04-2015,20
Lundy, Susan,10096,3,67237,1,Production Technician II,MA,2122,26-12-1976,F,Widowed,US Citizen,No,White,08-07-2013,15-09-2016,3.19,more money,Voluntarily Terminated,Production       ,Michael Albert,22,LinkedIn,Fully Meets,4.65,4,10-06-2016,15
Harrington, Christie ,10097,3,52177,1,Production Technician I,MA,2324,18-08-1952,F,Single,US Citizen,No,White,09-01-2012,15-12-2015,3.93,retiring,Voluntarily Terminated,Production       ,Webster Butler,39,CareerBuilder,Fully Meets,4.64,4,02-05-2015,8
Gray, Elijiah  ,10098,3,62957,0,Production Manager,MA,1752,07-11-1981,M ,Divorced,US Citizen,No,White,02-06-2015,,,,Active,Production       ,Janet King,2,Employee Referral,Fully Meets,4.63,3,04-01-2019,2
Daneault, Lynn,10099,3,65729,0,Sales Manager,VT,5473,19-04-1990,F,Single,US Citizen,No,White,05-05-2014,,,,Active,Sales,Debra Houlihan,15,Indeed,Fully Meets,4.62,4,24-01-2019,8
Demita, Carla,10100,3,58275,1,Production Technician II,MA,2343,25-02-1951,F,Separated,US Citizen,No,Black or African American,04-04-2011,04-11-2015,4.59,more money,Voluntarily Terminated,Production       ,Kelley Spirea,18,Google Search,Fully Meets,4.62,5,06-05-2015,1
Gonzalez, Maria,10101,3,61242,0,IT Support,MA,2472,16-04-1981,F,Separated,US Citizen,Yes,White,05-01-2015,,,,Active,IT/IS,Peter Monroe,7,Employee Referral,Fully Meets,4.61,4,28-01-2019,11
TRUE, Edward,10102,3,100416,1,Software Engineer,MA,2451,14-06-1983,M ,Single,Non-Citizen,No,Black or African American,18-02-2013,15-04-2018,5.16,medical issues,Voluntarily Terminated,Software Engineering,Alex Sweetwater,10,Diversity Job Fair,Fully Meets,4.6,3,12-02-2017,9
Leruth, Giovanni,10103,3,70468,0,Area Sales Manager,UT,84111,27-12-1988,M ,Separated,US Citizen,No,Black or African American,30-04-2012,,,,Active,Sales,John Smith,17,Website,Fully Meets,4.53,3,29-01-2019,16
Nowlan, Kristie,10104,3,66738,0,Production Technician II,MA,1040,23-11-1985,F,Single,US Citizen,No,White,10-11-2014,,,,Active,Production       ,Elijiah Gray,16,Indeed,Fully Meets,4.53,5,16-01-2019,5
Dunn, Amy  ,10105,3,75188,0,Production Manager,MA,1731,28-11-1973,F,Single,US Citizen,No,White,18-09-2014,,,,Active,Production       ,Janet King,2,Google Search,Fully Meets,4.52,4,15-01-2019,4
Langford, Lindsey,10106,3,66074,1,Production Technician II,MA,2090,25-07-1979,F,Divorced,US Citizen,No,Asian,07-01-2013,31-03-2014,1.23,Another position,Voluntarily Terminated,Production       ,David Stanley,14,Indeed,Fully Meets,4.52,3,20-02-2014,20
Burke, Joelle,10107,3,63763,0,Production Technician II,MA,2148,03-02-1980,F,Single,US Citizen,No,Black or African American,05-03-2012,,,,Active,Production       ,Amy Dunn,11,Employee Referral,Fully Meets,4.51,4,21-02-2019,3
Champaigne, Brian,10108,3,110929,0,BI Director,MA,2045,02-09-1972,M ,Married,US Citizen,No,White,06-09-2016,,,,Active,IT/IS,Jennifer Zamora,5,Indeed,Fully Meets,4.5,5,15-01-2019,8
Guilianno, Mike,10109,3,71707,1,Area Sales Manager,TN,37129,02-09-1969,M ,Single,US Citizen,No,Two or more races,07-03-2012,31-10-2014,2.65,relocation out of area,Voluntarily Terminated,Sales,John Smith,17,LinkedIn,Fully Meets,4.5,5,01-02-2013,20
Martin, Sandra,10110,3,105688,0,Software Engineer,MA,2135,11-07-1987,F,Single,US Citizen,No,Asian,11-11-2013,,,,Active,Software Engineering,Alex Sweetwater,10,Google Search,Fully Meets,4.5,5,14-01-2019,14
Garcia, Raul,10111,3,52249,0,Production Technician I,MA,1905,15-09-1985,M ,Single,US Citizen,Yes,White,30-03-2015,,,,Active,Production       ,David Stanley,14,Employee Referral,Fully Meets,4.5,3,18-02-2019,5
Horton, Jayne,10112,3,97999,0,Database Administrator,MA,2493,21-02-1984,F,Single,US Citizen,No,White,30-03-2015,,,,Active,IT/IS,Simon Roup,4,Indeed,Fully Meets,4.48,5,03-01-2019,4
Lajiri,  Jyoti,10113,3,93206,0,Sr. Network Engineer,MA,2169,23-04-1986,M ,Married,US Citizen,No,White,10-11-2014,,,,Active,IT/IS,Peter Monroe,7,Employee Referral,Fully Meets,4.46,5,07-01-2019,7
Bachiochi, Linda,10114,3,47837,0,Production Technician I,MA,1902,02-11-1970,F,Single,US Citizen,No,Black or African American,06-07-2009,,,,Active,Production       ,Brannon Miller,12,Diversity Job Fair,Fully Meets,4.46,3,25-01-2019,4
Carey, Michael  ,10115,3,52846,0,Production Technician I,MA,1701,02-02-1983,M ,Single,US Citizen,No,Black or African American,31-03-2014,,,,Active,Production       ,Kelley Spirea,18,LinkedIn,Fully Meets,4.43,3,01-02-2019,14
Miller, Brannon,10116,3,83667,0,Production Manager,MA,2045,08-10-1981,M ,Single,US Citizen,yes,Hispanic,16-08-2012,,,,Active,Production       ,Janet King,2,Indeed,Fully Meets,4.37,3,14-01-2019,2
Sullivan, Timothy,10117,3,63025,0,Production Technician I,MA,2747,10-07-1982,M ,Married,US Citizen,Yes,White,05-01-2015,,,,Active,Production       ,Michael Albert,22,Google Search,Fully Meets,4.36,5,24-01-2019,10
Voldemort, Lord,10118,3,113999,1,Database Administrator,MA,1960,08-07-1986,M ,Married,US Citizen,No,Black or African American,16-02-2015,22-02-2017,2.02,"no-call, no-show",Terminated for Cause,IT/IS,Simon Roup,4,Employee Referral,Fully Meets,4.33,3,15-02-2017,9
Soto, Julia ,10119,3,66593,0,IT Support,MA,2360,03-12-1973,F,Married,US Citizen,No,Black or African American,10-06-2011,,,,Active,IT/IS,Eric Dougall,6,LinkedIn,Fully Meets,4.3,3,08-02-2019,19
Moumanil, Maliki ,10120,3,74417,0,Production Technician II,MA,1460,12-01-1974,M ,Separated,US Citizen,No,Black or African American,13-05-2013,,,,Active,Production       ,Michael Albert,22,LinkedIn,Fully Meets,4.29,5,28-01-2019,11
Onque, Jasmine,10121,3,63051,0,Area Sales Manager,FL,33174,05-11-1990,F,Single,US Citizen,Yes,White,30-09-2013,,,,Active,Sales,Lynn Daneault,21,Indeed,Fully Meets,4.28,3,25-01-2019,1
Gerke, Melisa,10122,3,51505,1,Production Technician I,MA,2330,15-05-1970,F,Divorced,US Citizen,No,Black or African American,07-11-2011,15-11-2016,5.03,hours,Voluntarily Terminated,Production       ,Elijiah Gray,16,Diversity Job Fair,Fully Meets,4.24,4,29-04-2016,2
Tippett, Jeanette,10123,3,56339,0,Production Technician I,MA,2093,06-05-1967,F,Divorced,US Citizen,No,Black or African American,18-02-2013,,,,Active,Production       ,Brannon Miller,12,Indeed,Fully Meets,4.21,5,14-01-2019,4
Potts, Xana,10124,3,61844,0,Area Sales Manager,KY,40220,29-08-1988,F,Married,US Citizen,No,Black or African American,09-01-2012,,,,Active,Sales,Lynn Daneault,21,Website,Fully Meets,4.2,5,01-02-2019,9
Handschiegl, Joanne,10125,3,54828,0,Production Technician I,MA,2127,23-03-1977,F,Married,US Citizen,No,White,28-11-2011,,,,Active,Production       ,Michael Albert,22,Google Search,Fully Meets,4.2,4,22-02-2019,13
Saada, Adell,10126,3,86214,0,Software Engineer,MA,2132,24-07-1986,F,Married,US Citizen,No,White,05-11-2012,,,,Active,Software Engineering,Alex Sweetwater,10,Indeed,Fully Meets,4.2,3,13-02-2019,2
Warfield, Sarah,10127,3,107226,0,Sr. Network Engineer,MA,2453,05-02-1978,F,Widowed,US Citizen,No,Asian,30-03-2015,,,,Active,IT/IS,Peter Monroe,7,Employee Referral,Fully Meets,4.2,4,05-02-2019,7
Meads, Elizabeth,10128,3,62659,1,Production Technician I,MA,1760,30-05-1968,F,Single,US Citizen,No,Black or African American,02-04-2012,11-11-2016,4.61,Another position,Voluntarily Terminated,Production       ,Kelley Spirea,18,Diversity Job Fair,Fully Meets,4.18,4,05-02-2016,17
Heitzman, Anthony,10129,3,46998,0,Production Technician I,MA,2149,01-04-1984,M ,Single,US Citizen,No,White,13-08-2012,,,,Active,Production       ,Ketsia Liebig,19,Google Search,Fully Meets,4.17,4,11-02-2019,1
Peterson, Ebonee  ,10130,3,74669,1,Production Manager,MA,2030,05-09-1977,F,Married,US Citizen,No,White,25-10-2010,18-05-2016,5.57,Another position,Voluntarily Terminated,Production       ,Janet King,2,Indeed,Fully Meets,4.16,5,05-03-2015,6
Quinn, Sean,10131,3,83363,1,Software Engineer,MA,2045,11-06-1984,M ,Married,Eligible NonCitizen,No,Black or African American,21-02-2011,15-08-2015,4.48,career change,Voluntarily Terminated,Software Engineering,Janet King,2,Diversity Job Fair,Fully Meets,4.15,4,19-04-2014,4
Crimmings,   Jean,10132,3,56149,0,Production Technician I,MA,1821,04-10-1987,F,Single,US Citizen,No,White,06-07-2016,,,,Active,Production       ,Michael Albert,22,LinkedIn,Fully Meets,4.12,5,28-01-2019,15
Dolan, Linda,10133,3,70621,0,IT Support,MA,2119,18-07-1988,F,Married,US Citizen,No,White,05-01-2015,,,,Active,IT/IS,Peter Monroe,7,Employee Referral,Fully Meets,4.11,4,25-02-2019,16
LeBlanc, Brandon  R,10134,3,93046,0,Shared Services Manager,MA,1460,06-10-1984,M ,Married,US Citizen,No,White,05-01-2016,,,,Active,Admin Offices,Janet King,2,CareerBuilder,Fully Meets,4.1,4,28-01-2019,20
Woodson, Jason,10135,3,65893,0,Production Technician II,MA,1810,05-11-1985,M ,Single,US Citizen,No,White,07-07-2014,,,,Active,Production       ,Kissy Sullivan,20,LinkedIn,Fully Meets,4.07,4,28-02-2019,13
Fancett, Nicole,10136,3,65902,0,Production Technician II,MA,2324,27-09-1987,F,Single,US Citizen,No,Black or African American,17-02-2014,,,,Active,Production       ,Webster Butler,39,LinkedIn,Fully Meets,4,4,07-01-2019,7
Linden, Mathew,10137,3,63450,0,Production Technician II,MA,1770,19-03-1979,M ,Married,US Citizen,No,White,08-07-2013,,,,Active,Production       ,Kelley Spirea,18,LinkedIn,Fully Meets,4,3,18-02-2019,7
Jung, Judy  ,10138,3,61154,1,Production Technician I,MA,2446,17-04-1986,F,Married,US Citizen,No,Black or African American,10-01-2011,01-04-2016,5.23,unhappy,Voluntarily Terminated,Production       ,Elijiah Gray,16,CareerBuilder,Fully Meets,4,4,03-02-2016,4
Ivey, Rose ,10139,3,51908,0,Production Technician I,MA,1775,28-01-1991,F,Single,US Citizen,No,White,19-08-2013,,,,Active,Production       ,Brannon Miller,12,Indeed,Fully Meets,3.99,3,14-01-2019,14
Ren, Kylo,10140,3,61809,0,Area Sales Manager,ID,83706,10-12-1954,M ,Married,US Citizen,No,White,12-05-2014,,,,Active,Sales,John Smith,17,CareerBuilder,Fully Meets,3.98,3,28-01-2019,4
Theamstern, Sophia,10141,3,48413,1,Production Technician I,MA,2066,05-09-1965,F,Single,US Citizen,No,White,05-07-2011,05-09-2016,5.18,return to school,Voluntarily Terminated,Production       ,Amy Dunn,11,Indeed,Fully Meets,3.98,4,02-03-2016,1
Gill, Whitney  ,10142,3,59370,1,Area Sales Manager,OH,43050,07-10-1971,F,Widowed,US Citizen,No,Black or African American,07-07-2014,05-09-2015,1.16,attendance,Terminated for Cause,Sales,John Smith,17,CareerBuilder,Fully Meets,3.97,4,15-01-2014,7
Davis, Daniel,10143,3,56294,0,Production Technician II,MA,2458,14-09-1979,M ,Single,Eligible NonCitizen,No,Two or more races,07-11-2011,,,,Active,Production       ,Kissy Sullivan,20,LinkedIn,Fully Meets,3.96,4,27-02-2019,6
Vega, Vincent,10144,3,88976,0,Production Manager,MA,2169,10-10-1968,M ,Divorced,US Citizen,No,White,01-08-2011,,,,Active,Production       ,Janet King,2,Employee Referral,Fully Meets,3.93,3,27-02-2019,19
Mckenna, Sandy,10145,3,62810,0,Production Technician I,MA,2184,01-07-1987,F,Married,US Citizen,No,Black or African American,07-01-2013,,,,Active,Production       ,Kissy Sullivan,20,CareerBuilder,Fully Meets,3.93,3,30-01-2019,20
Tejeda, Lenora ,10146,3,72202,1,Production Technician II,MA,2129,24-05-1953,F,Married,US Citizen,No,White,16-05-2011,08-07-2017,6.15,Another position,Voluntarily Terminated,Production       ,Elijiah Gray,16,Google Search,Fully Meets,3.93,3,18-04-2017,3
Steans, Tyrone  ,10147,3,63003,0,Accountant I,MA,2703,09-01-1986,M ,Single,US Citizen,No,White,29-09-2014,,,,Active,Admin Offices,Brandon R. LeBlanc,1,Indeed,Fully Meets,3.9,5,18-01-2019,9
Panjwani, Nina,10148,3,63515,1,Production Technician I,MA,2351,05-01-1979,F,Married,US Citizen,No,White,07-02-2011,12-01-2014,2.93,Another position,Voluntarily Terminated,Production       ,Elijiah Gray,16,Google Search,Fully Meets,3.89,4,04-03-2013,7
Roehrich, Bianca,10149,3,120000,1,Principal Data Architect,MA,2703,27-05-1973,F,Single,US Citizen,Yes,White,05-01-2015,10-11-2018,3.85,Another position,Voluntarily Terminated,IT/IS,Simon Roup,4,LinkedIn,Fully Meets,3.88,3,13-02-2018,12
Cady, Max ,10150,3,77692,0,Software Engineering Manager,MA,2184,22-11-1966,M ,Single,US Citizen,No,White,15-08-2011,,,,Active,Software Engineering,Jennifer Zamora,5,Google Search,Fully Meets,3.84,3,21-01-2019,4
Morway, Tanya,10151,3,52599,0,Network Engineer,MA,2048,04-04-1979,F,Married,US Citizen,No,White,16-02-2015,,,,Active,IT/IS,Peter Monroe,7,CareerBuilder,Fully Meets,3.81,3,11-02-2019,6
Rarrick, Quinn,10152,3,61729,1,Production Technician I,MA,2478,31-12-1984,M ,Divorced,US Citizen,No,White,26-09-2011,07-04-2018,6.53,more money,Voluntarily Terminated,Production       ,Michael Albert,22,Indeed,Fully Meets,3.8,5,04-02-2018,19
Smith, Leigh Ann,10153,3,55000,1,Administrative Assistant,MA,1844,14-06-1987,F,Married,US Citizen,No,Black or African American,26-09-2011,25-09-2013,2,career change,Voluntarily Terminated,Admin Offices,Brandon R. LeBlanc,1,Diversity Job Fair,Fully Meets,3.8,4,15-08-2013,17
Chang, Donovan  E,10154,3,60380,0,Production Technician I,MA,1845,24-08-1983,M ,Single,US Citizen,No,White,08-07-2013,,,,Active,Production       ,Webster Butler,39,LinkedIn,Fully Meets,3.8,5,14-01-2019,4
Del Bosque, Keyla,10155,3,101199,0,Software Engineer,MA,2176,07-05-1979,F,Single,US Citizen,No,Black or African American,09-01-2012,,,,Active,Software Engineering,Alex Sweetwater,10,CareerBuilder,Fully Meets,3.79,5,25-01-2019,8
Johnson, Noelle ,10156,3,105700,0,Database Administrator,MA,2301,11-07-1986,F,Married,US Citizen,No,Asian,05-01-2015,,,,Active,IT/IS,Simon Roup,4,Indeed,Fully Meets,3.75,3,11-02-2019,2
Smith, Sade,10157,3,58939,0,Production Technician I,MA,2130,02-02-1965,F,Single,US Citizen,No,White,11-11-2013,,,,Active,Production       ,Ketsia Liebig,19,Employee Referral,Fully Meets,3.73,3,24-01-2019,16
Sullivan, Kissy ,10158,3,63682,0,Production Manager,MA,1776,28-03-1978,F,Married,US Citizen,No,Black or African American,08-01-2009,,,,Active,Production       ,Janet King,2,Indeed,Fully Meets,3.73,4,24-01-2019,12
Gentry, Mildred,10159,3,51337,0,Production Technician I,MA,2145,10-01-1990,F,Married,US Citizen,No,Black or African American,30-03-2015,,,,Active,Production       ,Michael Albert,22,LinkedIn,Fully Meets,3.73,3,16-01-2019,19
Huynh, Ming,10160,3,68182,1,Production Technician II,MA,1742,22-09-1976,F,Divorced,US Citizen,No,White,21-02-2011,01-04-2013,2.11,unhappy,Voluntarily Terminated,Production       ,Amy Dunn,11,Google Search,Fully Meets,3.72,3,01-02-2013,18
Terry, Sharlene ,10161,3,58370,0,Area Sales Manager,OR,97756,05-07-1965,F,Single,US Citizen,No,Black or African American,29-09-2014,,,,Active,Sales,Lynn Daneault,21,Indeed,Fully Meets,3.69,3,28-01-2019,18
Roby, Lori ,10162,3,89883,0,Data Analyst,MA,1886,10-11-1981,F,Married,US Citizen,No,White,16-02-2015,,,,Active,IT/IS,Simon Roup,4,Employee Referral,Fully Meets,3.69,5,14-02-2019,15
Foreman, Tanya,10163,3,55965,1,Production Technician II,MA,2170,11-08-1983,F,Married,US Citizen,No,White,04-04-2011,09-01-2013,1.77,career change,Voluntarily Terminated,Production       ,Ketsia Liebig,19,Google Search,Fully Meets,3.66,3,07-01-2012,6
Pitt, Brad ,10164,3,47001,0,Production Technician I,MA,2451,23-11-1981,M ,Single,US Citizen,No,White,05-11-2007,,,,Active,Production       ,David Stanley,14,Google Search,Fully Meets,3.66,3,25-02-2019,15
Kreuger, Freddy,10165,3,71339,0,Area Sales Manager,NY,10171,24-02-1969,M ,Single,US Citizen,Yes,Black or African American,07-03-2011,,,,Active,Sales,John Smith,17,Diversity Job Fair,Fully Meets,3.65,5,17-01-2019,20
Kinsella, Kathleen  ,10166,3,54005,1,Production Technician I,MA,2170,12-08-1973,F,Married,US Citizen,No,White,26-09-2011,04-06-2015,3.69,more money,Voluntarily Terminated,Production       ,Webster Butler,39,Google Search,Fully Meets,3.6,5,01-03-2015,16
Hitchcock, Alfred,10167,3,70545,0,Area Sales Manager,NH,3062,14-09-1988,M ,Married,US Citizen,No,American Indian or Alaska Native,18-08-2014,,,,Active,Sales,John Smith,17,Indeed,Fully Meets,3.6,5,30-01-2019,9
Cierpiszewski, Caroline  ,10168,3,64816,0,Production Technician I,MA,2044,31-05-1988,F,Single,Non-Citizen,No,Black or African American,03-10-2011,,,,Active,Production       ,Ketsia Liebig,19,Indeed,Fully Meets,3.58,5,30-01-2019,3
Sander, Kamrin,10169,3,56147,0,Production Technician I,MA,2154,07-10-1988,F,Married,US Citizen,No,Black or African American,29-09-2014,,,,Active,Production       ,Elijiah Gray,16,LinkedIn,Fully Meets,3.51,3,18-02-2019,2
Kirill, Alexandra  ,10170,3,45433,1,Production Technician I,MA,2127,10-08-1970,F,Married,US Citizen,No,White,26-09-2011,09-01-2014,2.29,more money,Voluntarily Terminated,Production       ,Amy Dunn,11,Google Search,Fully Meets,3.49,4,30-01-2013,6
Perry, Shakira,10171,3,45998,1,Production Technician I,MA,2176,20-07-1986,F,Single,US Citizen,No,White,16-05-2011,25-10-2015,4.45,medical issues,Voluntarily Terminated,Production       ,Amy Dunn,11,LinkedIn,Fully Meets,3.45,4,13-05-2014,5
Wang, Charlie,10172,3,84903,0,Senior BI Developer,MA,1887,07-08-1981,M ,Single,US Citizen,No,Asian,15-02-2017,,,,Active,IT/IS,Brian Champaigne,13,Indeed,Fully Meets,3.42,4,04-01-2019,17
Tannen, Biff,10173,3,90100,0,BI Developer,MA,2134,24-10-1987,M ,Married,US Citizen,No,White,20-04-2017,,,,Active,IT/IS,Brian Champaigne,13,Indeed,Fully Meets,3.4,3,02-01-2019,14
Wolk, Hang  T,10174,3,60446,0,Production Technician II,MA,2302,20-04-1985,F,Single,US Citizen,No,White,29-09-2014,,,,Active,Production       ,David Stanley,14,LinkedIn,Fully Meets,3.4,4,21-02-2019,14
Bozzi, Charles,10175,3,74312,1,Production Manager,MA,1901,03-10-1970,M ,Single,US Citizen,No,Asian,30-09-2013,07-08-2014,0.85,retiring,Voluntarily Terminated,Production       ,Janet King,2,Indeed,Fully Meets,3.39,3,20-02-2014,14
Kretschmer, John,10176,3,63973,0,Production Technician I,MA,1801,02-02-1980,M ,Married,US Citizen,No,Asian,10-01-2011,,,,Active,Production       ,Brannon Miller,12,Indeed,Fully Meets,3.38,3,21-01-2019,17
Brill, Donna,10177,3,53492,1,Production Technician I,MA,1701,24-08-1990,F,Married,US Citizen,No,White,02-04-2012,15-06-2013,1.2,Another position,Voluntarily Terminated,Production       ,David Stanley,14,Google Search,Fully Meets,3.35,4,04-03-2013,6
Simard, Kramer,10178,3,87826,0,Data Analyst,MA,2110,02-08-1970,M ,Married,US Citizen,Yes,White,05-01-2015,,,,Active,IT/IS,Simon Roup,4,Employee Referral,Fully Meets,3.32,3,14-01-2019,16
Shepard, Anita ,10179,3,50750,0,Network Engineer,MA,1773,14-04-1981,F,Married,US Citizen,No,White,30-09-2014,,,,Active,IT/IS,Peter Monroe,7,LinkedIn,Fully Meets,3.31,3,07-01-2019,7
Soze, Keyser,10180,3,87565,0,Sr. Network Engineer,MA,1545,02-09-1983,M ,Married,US Citizen,No,Asian,30-06-2016,,,,Active,IT/IS,Peter Monroe,7,LinkedIn,Fully Meets,3.27,4,14-01-2019,13
Burkett, Benjamin ,10181,3,62162,0,Production Technician II,MA,1890,19-08-1977,M ,Married,US Citizen,No,White,04-04-2011,,,,Active,Production       ,Ketsia Liebig,19,Indeed,Fully Meets,3.25,5,14-01-2019,15
Howard, Estelle,10182,3,49920,1,Administrative Assistant,MA,2170,16-09-1985,F,Married,US Citizen,No,Black or African American,16-02-2015,15-04-2015,0.16,"no-call, no-show",Terminated for Cause,Admin Offices,Brandon R. LeBlanc,1,Indeed,Fully Meets,3.24,3,15-04-2015,6
Von Massenbach, Anna,10183,3,62068,0,Production Technician I,MA,2124,04-06-1985,F,Single,US Citizen,No,White,05-07-2015,,,,Active,Production       ,Michael Albert,22,LinkedIn,Fully Meets,3.21,3,29-01-2019,7
Buccheri, Joseph  ,10184,3,65288,0,Production Technician II,MA,1013,28-07-1983,M ,Single,US Citizen,No,White,29-09-2014,,,,Active,Production       ,Webster Butler,39,Google Search,Fully Meets,3.19,3,01-02-2019,9
Ndzi, Horia,10185,3,46664,1,Production Technician I,MA,2421,28-03-1983,M ,Married,US Citizen,No,White,01-04-2013,25-05-2016,3.15,more money,Voluntarily Terminated,Production       ,Amy Dunn,11,Employee Referral,Fully Meets,3.18,3,06-03-2016,10
Linares, Marilyn ,10186,3,52624,1,Production Technician I,MA,1886,26-03-1981,F,Married,US Citizen,No,White,05-07-2011,26-09-2018,7.23,unhappy,Voluntarily Terminated,Production       ,Michael Albert,22,Indeed,Fully Meets,3.18,4,02-03-2018,16
Power, Morissa,10187,3,46799,1,Production Technician I,MA,1742,15-10-1984,F,Divorced,Eligible NonCitizen,No,Asian,16-05-2011,04-06-2018,7.06,Another position,Voluntarily Terminated,Production       ,Kissy Sullivan,20,Google Search,Fully Meets,3.17,4,02-04-2018,14
Bunbury, Jessica,10188,3,74326,1,Area Sales Manager,VA,21851,06-01-1964,F,Married,Eligible NonCitizen,No,Black or African American,15-08-2011,02-08-2014,2.97,Another position,Voluntarily Terminated,Sales,John Smith,17,Google Search,Fully Meets,3.14,5,10-02-2013,19
Ferguson, Susan,10189,3,57748,1,Production Technician I,MA,2176,14-04-1955,F,Married,US Citizen,No,White,07-11-2011,17-05-2016,4.53,military,Voluntarily Terminated,Production       ,Webster Butler,39,Google Search,Fully Meets,3.13,3,04-02-2016,16
Walker, Roger,10190,3,66541,0,Production Technician II,MA,2459,02-10-1976,M ,Single,US Citizen,No,Black or African American,18-08-2014,,,,Active,Production       ,Ketsia Liebig,19,Employee Referral,Fully Meets,3.11,5,12-02-2019,4
MacLennan, Samuel,10191,3,52788,1,Production Technician I,MA,1938,11-09-1972,M ,Widowed,US Citizen,No,White,24-09-2012,26-09-2017,5.01,hours,Voluntarily Terminated,Production       ,Amy Dunn,11,Indeed,Fully Meets,3.08,4,01-04-2017,18
Keatts, Kramer ,10192,3,50482,0,Production Technician I,MA,1887,19-01-1976,M ,Single,US Citizen,No,White,30-09-2013,,,,Active,Production       ,Michael Albert,22,Indeed,Fully Meets,3.07,4,23-01-2019,10
Costello, Frank,10193,3,83552,0,Data Analyst,MA,1810,26-08-1986,M ,Married,US Citizen,No,White,30-03-2015,,,,Active,IT/IS,Simon Roup,4,Indeed,Fully Meets,3.04,3,22-01-2019,2
Andreola, Colby,10194,3,95660,0,Software Engineer,MA,2110,24-05-1979,F,Single,US Citizen,No,White,10-11-2014,,,,Active,Software Engineering,Alex Sweetwater,10,LinkedIn,Fully Meets,3.04,3,02-01-2019,19
Homberger, Adrienne  J,10195,3,63478,1,Production Technician II,MA,2445,16-02-1984,F,Married,Non-Citizen,No,White,15-08-2011,07-04-2012,0.65,relocation out of area,Voluntarily Terminated,Production       ,Michael Albert,30,Indeed,Fully Meets,3.03,5,05-03-2012,16
Akinkuolie, Sarah,10196,3,64955,1,Production Technician II,MA,1810,19-09-1988,F,Married,US Citizen,No,White,05-07-2011,24-09-2012,1.22,hours,Voluntarily Terminated,Production       ,Kissy Sullivan,20,LinkedIn,Fully Meets,3.02,3,15-05-2012,3
DeVito, Tommy,10197,3,96820,0,BI Developer,MA,2045,09-04-1983,M ,Single,US Citizen,No,White,15-02-2017,,,,Active,IT/IS,Brian Champaigne,13,Indeed,Fully Meets,3.01,5,23-01-2019,15
Roup,Simon,10198,3,140920,0,IT Manager - DB,MA,2481,04-05-1973,M ,Single,US Citizen,No,White,20-01-2013,,,,Active,IT/IS,Jennifer Zamora,5,Indeed,Fully Meets,3.6,5,18-02-2019,13
Booth, Frank,10199,3,103613,1,Enterprise Architect,CT,6033,30-07-1964,M ,Single,US Citizen,No,Black or African American,17-02-2014,19-02-2016,2.01,Learned that he is a gangster,Terminated for Cause,IT/IS,Simon Roup,4,LinkedIn,Fully Meets,3.5,5,10-01-2016,2
Chigurh, Anton,10200,3,66808,0,Area Sales Manager,TX,78207,06-11-1970,M ,Single,Eligible NonCitizen,No,Black or African American,14-05-2012,,,,Active,Sales,Lynn Daneault,21,Employee Referral,Fully Meets,3,5,19-01-2019,17
Hunts, Julissa,10201,3,69340,0,Production Technician II,MA,2021,03-11-1984,F,Single,US Citizen,No,White,06-06-2016,,,,Active,Production       ,Elijiah Gray,16,LinkedIn,Fully Meets,3,5,18-01-2019,4
McKinzie, Jac,10202,3,63291,0,Area Sales Manager,TX,78789,07-01-1984,M ,Married,US Citizen,No,Two or more races,06-07-2016,,,,Active,Sales,Lynn Daneault,21,Website,Fully Meets,3.4,4,29-01-2019,7
Bugali, Josephine ,10203,3,64375,0,Production Technician I,MA,2043,30-10-1969,F,Separated,US Citizen,No,Black or African American,11-11-2013,,,,Active,Production       ,Kissy Sullivan,20,Diversity Job Fair,Fully Meets,3.5,5,21-01-2019,17
Wilkes, Annie,10204,3,58062,1,Production Technician I,MA,1876,30-07-1983,F,Divorced,US Citizen,No,White,10-01-2011,14-05-2012,1.34,Another position,Voluntarily Terminated,Production       ,Ketsia Liebig,19,Google Search,Fully Meets,3.6,5,06-02-2011,9
Valentin,Jackie,10205,3,57859,0,Area Sales Manager,AZ,85006,23-05-1991,F,Married,US Citizen,No,Two or more races,05-07-2011,,,,Active,Sales,John Smith,17,Indeed,Fully Meets,2.81,3,17-01-2019,16
Nguyen, Lei-Ming,10206,3,62061,0,Production Technician I,MA,2132,07-07-1984,F,Single,US Citizen,No,White,08-07-2013,,,,Active,Production       ,David Stanley,14,LinkedIn,Fully Meets,3.6,5,02-01-2019,4
Dobrin, Denisa  S,10207,3,46335,0,Production Technician I,MA,2125,10-07-1986,F,Single,US Citizen,Yes,White,02-04-2012,,,,Active,Production       ,David Stanley,14,CareerBuilder,Fully Meets,3.4,5,19-02-2019,15
Knapp, Bradley  J,10208,3,46654,0,Production Technician I,MA,1721,11-10-1977,M ,Single,US Citizen,No,Black or African American,17-02-2014,,,,Active,Production       ,Ketsia Liebig,19,LinkedIn,Fully Meets,3.1,3,06-02-2019,3
Sutwell, Barbara,10209,3,59238,0,Production Technician I,MA,2718,15-08-1968,F,Single,Eligible NonCitizen,No,Asian,14-05-2012,,,,Active,Production       ,Elijiah Gray,16,Indeed,Fully Meets,3.4,5,31-01-2019,13
Chan, Lin,10210,3,54237,0,Production Technician I,MA,2170,02-12-1979,F,Single,US Citizen,No,White,12-05-2014,,,,Active,Production       ,Elijiah Gray,16,Indeed,Fully Meets,3.3,4,19-02-2019,11
Dunne, Amy,10211,3,62514,0,Production Technician I,MA,1749,23-09-1973,F,Married,US Citizen,No,White,26-04-2010,,,,Active,Production       ,Ketsia Liebig,19,Google Search,Fully Meets,2.9,3,21-01-2019,6
Daniele, Ann  ,10212,3,85028,0,Sr. Network Engineer,CT,6033,18-01-1952,F,Married,US Citizen,No,White,10-11-2014,,,,Active,IT/IS,Peter Monroe,7,LinkedIn,Fully Meets,3.1,5,12-02-2019,19
Monkfish, Erasumus,10213,3,58207,0,Production Technician II,MA,1450,17-08-1992,M ,Married,US Citizen,No,White,07-11-2011,,,,Active,Production       ,David Stanley,14,LinkedIn,Fully Meets,3.7,3,08-01-2019,14
Hutter, Rosalie,10214,3,64995,0,Production Technician II,MA,2351,05-07-1992,F,Separated,US Citizen,No,White,05-06-2015,,,,Active,Production       ,Webster Butler,39,Indeed,Fully Meets,4.5,3,14-02-2019,6
Ndzi, Colombui,10215,3,50470,1,Production Technician I,MA,2110,05-02-1989,M ,Single,US Citizen,No,Black or African American,26-09-2011,04-04-2014,2.52,return to school,Voluntarily Terminated,Production       ,Webster Butler,39,Diversity Job Fair,Fully Meets,4.3,3,02-03-2013,19
Myers, Michael,10216,3,57575,0,Production Technician I,MA,1550,18-04-1980,M ,Single,US Citizen,No,Asian,08-07-2013,,,,Active,Production       ,Kissy Sullivan,20,LinkedIn,Fully Meets,4.1,4,22-01-2019,13
Petingill, Shana  ,10217,3,74226,0,Production Technician II,MA,2050,03-10-1979,F,Married,Eligible NonCitizen,No,Asian,02-04-2012,,,,Active,Production       ,Brannon Miller,12,LinkedIn,Fully Meets,4.3,3,14-01-2019,14
Gosciminski, Phylicia  ,10218,3,66149,0,Production Technician II,MA,1824,12-08-1983,F,Separated,US Citizen,No,American Indian or Alaska Native,30-09-2013,,,,Active,Production       ,Kissy Sullivan,20,Google Search,Fully Meets,4.4,5,21-02-2019,1
Mahoney, Lauren  ,10219,3,45395,0,Production Technician I,MA,2189,07-07-1986,F,Single,US Citizen,No,White,06-01-2014,,,,Active,Production       ,Ketsia Liebig,19,LinkedIn,Fully Meets,4.6,4,26-02-2019,14
Clayton, Rick,10220,3,68678,0,IT Support,MA,2170,09-05-1985,M ,Single,US Citizen,No,White,05-09-2012,,,,Active,IT/IS,Eric Dougall,6,Indeed,Fully Meets,4.7,3,27-02-2019,2
Tavares, Desiree  ,10221,3,60754,1,Production Technician I,MA,1801,04-03-1975,F,Married,Non-Citizen,No,Black or African American,27-04-2009,01-04-2013,3.93,Another position,Voluntarily Terminated,Production       ,Webster Butler,39,Diversity Job Fair,Fully Meets,4.5,5,15-02-2012,11
Ruiz, Ricardo,10222,3,148999,1,IT Manager - DB,MA,1915,01-04-1964,M ,Divorced,US Citizen,No,Black or African American,09-01-2012,04-11-2015,3.82,hours,Voluntarily Terminated,IT/IS,Jennifer Zamora,5,Diversity Job Fair,Fully Meets,4.3,4,04-01-2015,8
Moran, Patrick,10223,3,72106,0,Production Technician II,MA,2127,12-03-1976,M ,Single,US Citizen,No,Black or African American,09-01-2012,,,,Active,Production       ,Kelley Spirea,18,Diversity Job Fair,Fully Meets,4.1,4,31-01-2019,12
Robertson, Peter,10224,3,55578,1,Production Technician II,MA,2138,07-03-1972,M ,Married,US Citizen,No,White,05-07-2011,08-02-2012,0.6,Another position,Voluntarily Terminated,Production       ,Kissy Sullivan,20,Indeed,Fully Meets,4.2,5,06-01-2012,13
Punjabhi, Louis  ,10225,3,59472,0,Production Technician I,MA,2109,19-06-1961,M ,Single,US Citizen,No,White,06-01-2014,,,,Active,Production       ,Kelley Spirea,18,Employee Referral,Fully Meets,4.8,3,07-01-2019,14
Biden, Lowan  M,10226,3,64919,0,Production Technician I,MA,2027,27-12-1958,F,Divorced,US Citizen,No,Asian,19-08-2013,,,,Active,Production       ,Ketsia Liebig,19,Indeed,Fully Meets,4.2,3,10-01-2019,2
Jackson, Maryellen,10227,3,61242,0,Production Technician I,MA,2081,09-11-1972,F,Single,US Citizen,No,Black or African American,05-11-2012,,,,Active,Production       ,David Stanley,14,LinkedIn,Fully Meets,4.1,3,17-01-2019,7
Goeth, Amon,10228,3,74679,0,IT Support,MA,2135,24-11-1989,M ,Married,US Citizen,Yes,White,30-03-2015,,,,Active,IT/IS,Peter Monroe,7,LinkedIn,Fully Meets,4.3,5,10-01-2019,20
Salter, Jason,10229,3,88527,1,Data Analyst ,MA,2452,17-12-1987,M ,Divorced,US Citizen,No,Black or African American,05-01-2015,31-10-2015,0.82,hours,Voluntarily Terminated,IT/IS,Simon Roup,4,LinkedIn,Fully Meets,4.2,3,20-04-2015,2
Roberson, May,10230,3,64971,1,Production Technician II,MA,1902,09-05-1981,F,Divorced,Eligible NonCitizen,No,Black or African American,26-09-2011,22-10-2011,0.07,return to school,Voluntarily Terminated,Production       ,David Stanley,14,Google Search,Fully Meets,4.5,4,22-10-2011,10
Khemmich, Bartholemew,10231,3,65310,0,Area Sales Manager,CO,80820,27-11-1979,M ,Single,US Citizen,No,White,19-08-2013,,,,Active,Sales,Lynn Daneault,21,Indeed,Fully Meets,4.3,5,22-01-2019,13
Le, Binh,10232,3,81584,0,Senior BI Developer,MA,1886,14-06-1987,F,Single,US Citizen,No,Asian,02-10-2016,,,,Active,IT/IS,Brian Champaigne,13,Indeed,Fully Meets,4.1,5,08-01-2019,2
Sahoo, Adil,10233,3,57975,0,Production Technician II,MA,2062,26-04-1986,M ,Married,US Citizen,No,White,30-08-2010,,,,Active,Production       ,Kelley Spirea,18,CareerBuilder,Fully Meets,4.1,3,10-01-2019,13
Gruber, Hans,10234,3,99020,0,BI Developer,MA,2134,30-06-1989,M ,Married,US Citizen,No,Black or African American,20-04-2017,,,,Active,IT/IS,Brian Champaigne,13,Indeed,Fully Meets,4.2,5,28-01-2019,8
England, Rex,10235,3,54285,0,Production Technician I,MA,2045,25-08-1978,M ,Married,US Citizen,No,White,31-03-2014,,,,Active,Production       ,Kelley Spirea,18,Employee Referral,Fully Meets,4.2,3,11-01-2019,3
Jacobi, Hannah  ,10236,3,45069,0,Production Technician I,MA,1778,22-03-1966,F,Divorced,US Citizen,No,White,30-09-2013,,,,Active,Production       ,Kissy Sullivan,20,Employee Referral,Fully Meets,4.3,5,22-02-2019,7
Good, Susan,10237,3,66825,0,Production Technician II,MA,1886,25-05-1986,F,Married,US Citizen,No,White,12-05-2014,,,,Active,Production       ,David Stanley,14,LinkedIn,Fully Meets,4.6,3,07-02-2019,20
Brown, Mia,10238,3,63000,0,Accountant I,MA,1450,24-11-1987,F,Married,US Citizen,No,Black or African American,27-10-2008,,,,Active,Admin Offices,Brandon R. LeBlanc,1,Diversity Job Fair,Fully Meets,4.5,2,15-01-2019,14
Rachael, Maggie,10239,3,95920,0,BI Developer,MA,2110,05-12-1980,F,Married,US Citizen,No,Black or African American,02-10-2016,,,,Active,IT/IS,Brian Champaigne,13,Indeed,Fully Meets,4.4,4,06-02-2019,10
Chivukula, Enola,10240,3,64786,1,Production Technician I,MA,1775,27-08-1983,F,Single,US Citizen,No,White,27-06-2011,15-11-2015,4.39,relocation out of area,Voluntarily Terminated,Production       ,Amy Dunn,11,Indeed,Fully Meets,4.3,4,10-03-2015,3
Strong, Caitrin,10241,3,60120,0,Area Sales Manager,MT,59102,05-12-1989,F,Married,US Citizen,No,Black or African American,27-09-2010,,,,Active,Sales,John Smith,17,Indeed,Fully Meets,4.1,4,31-01-2019,18
Barbara, Thomas,10242,3,47211,1,Production Technician I,MA,2062,21-02-1974,M ,Married,US Citizen,Yes,Black or African American,02-04-2012,19-09-2016,4.47,unhappy,Voluntarily Terminated,Production       ,Kissy Sullivan,20,Diversity Job Fair,Fully Meets,4.2,3,06-05-2016,15
Gold, Shenice  ,10243,3,53018,0,Production Technician I,MA,2451,18-06-1992,F,Single,US Citizen,Yes,White,11-11-2013,,,,Active,Production       ,Ketsia Liebig,19,Indeed,Fully Meets,4.3,5,18-02-2019,7
Kampew, Donysha,10244,3,68999,1,Sales Manager,PA,19444,11-11-1989,F,Single,US Citizen,No,White,07-11-2011,24-04-2014,2.46,maternity leave - did not return,Voluntarily Terminated,Sales,Debra Houlihan,15,Google Search,Fully Meets,4.5,5,30-03-2013,2
Becker, Renee,10245,3,110000,1,Database Administrator,MA,2026,04-04-1986,F,Single,US Citizen,Yes,White,07-07-2014,12-09-2015,1.18,performance,Terminated for Cause,IT/IS,Simon Roup,4,Google Search,Fully Meets,4.5,4,15-01-2015,8
Goble, Taisha,10246,3,114800,1,Database Administrator,MA,2127,23-10-1971,F,Single,US Citizen,No,White,16-02-2015,15-03-2015,0.07,"no-call, no-show",Terminated for Cause,IT/IS,Simon Roup,4,Indeed,Fully Meets,4.6,4,20-01-2015,10
Engdahl, Jean,10247,3,48888,0,Production Technician I,MA,2026,31-05-1974,M ,Single,US Citizen,No,White,10-11-2014,,,,Active,Production       ,Kelley Spirea,18,LinkedIn,Fully Meets,4.7,5,13-02-2019,8
Hudson, Jane,10248,3,55425,0,Production Technician I,MA,2176,06-10-1986,F,Single,US Citizen,No,White,20-02-2012,,,,Active,Production       ,Ketsia Liebig,19,LinkedIn,Fully Meets,4.8,4,07-01-2019,4
Latif, Mohammed,10249,3,61962,1,Production Technician II,MA,2126,05-09-1984,M ,Married,US Citizen,No,White,02-04-2012,15-04-2013,1.04,more money,Voluntarily Terminated,Production       ,Kissy Sullivan,20,Google Search,Fully Meets,4.9,3,20-02-2013,20
Bacong, Alejandro ,10250,3,50178,0,IT Support,MA,1886,01-07-1988,M ,Divorced,US Citizen,No,White,05-01-2015,,,,Active,IT/IS,Peter Monroe,7,Indeed,Fully Meets,5,5,18-02-2019,16
Lecter, Hannibal,10251,3,64738,0,Production Technician I,MA,1776,09-02-1982,M ,Married,US Citizen,No,Asian,14-05-2012,,,,Active,Production       ,Elijiah Gray,16,Google Search,Fully Meets,4.1,3,22-02-2019,10
Baczenski, Rachael  ,10252,3,54670,1,Production Technician I,MA,1902,01-12-1974,F,Married,US Citizen,Yes,Black or African American,10-01-2011,12-01-2017,6.01,Another position,Voluntarily Terminated,Production       ,David Stanley,14,Diversity Job Fair,Fully Meets,4.2,4,30-01-2016,12
Villanueva, Noah,10253,3,55875,0,Area Sales Manager,ME,4063,07-11-1989,M ,Single,US Citizen,No,Asian,05-03-2012,,,,Active,Sales,John Smith,17,Website,Fully Meets,4.5,4,18-01-2019,11
Motlagh,  Dawn,10254,3,63430,0,Production Technician I,MA,2453,07-07-1984,F,Divorced,US Citizen,No,White,01-04-2013,,,,Active,Production       ,Elijiah Gray,16,LinkedIn,Fully Meets,4.4,4,17-01-2019,18
Givens, Myriam,10255,3,61555,0,Area Sales Manager,IN,46204,22-09-1989,F,Single,US Citizen,No,White,16-02-2015,,,,Active,Sales,Lynn Daneault,21,Indeed,Fully Meets,4.5,5,25-01-2019,20
Goyal, Roxana,10256,3,49256,0,Production Technician I,MA,1864,10-09-1974,F,Married,US Citizen,No,Asian,19-08-2013,,,,Active,Production       ,Kissy Sullivan,20,LinkedIn,Fully Meets,4.1,5,15-02-2019,3
Gaul, Barbara,10257,3,53171,0,Production Technician I,MA,2121,12-02-1983,F,Single,US Citizen,Yes,Black or African American,16-05-2011,,,,Active,Production       ,Kelley Spirea,18,LinkedIn,Fully Meets,4.2,4,26-02-2019,12
Fraval, Maruk ,10258,3,67251,0,Area Sales Manager,CT,6050,28-08-1963,M ,Single,US Citizen,No,Black or African American,06-09-2011,,,,Active,Sales,Lynn Daneault,21,CareerBuilder,Fully Meets,4.3,3,27-01-2019,7
Pearson, Randall,10259,3,93093,1,Data Analyst,MA,2747,09-05-1984,M ,Married,US Citizen,No,White,01-12-2014,01-05-2016,1.42,performance,Voluntarily Terminated,IT/IS,Simon Roup,4,Employee Referral,Fully Meets,4.7,4,16-01-2016,19
Sadki, Nore  ,10260,3,46428,1,Production Technician I,MA,2148,21-12-1974,M ,Single,US Citizen,No,White,05-01-2009,30-07-2018,9.57,relocation out of area,Voluntarily Terminated,Production       ,Michael Albert,22,Google Search,Fully Meets,4.6,5,05-02-2018,7
Cockel, James,10261,3,63108,0,Production Technician I,MA,2452,09-08-1977,M ,Single,US Citizen,No,White,08-07-2013,,,,Active,Production       ,David Stanley,14,Employee Referral,Fully Meets,4.4,5,14-01-2019,3
Purinton, Janine,10262,3,46430,1,Production Technician I,MA,2474,22-09-1970,F,Divorced,US Citizen,No,White,24-09-2012,18-06-2013,0.73,unhappy,Voluntarily Terminated,Production       ,Kissy Sullivan,20,Indeed,Fully Meets,4.5,5,02-04-2013,16
Faller, Megan ,10263,3,71776,0,Production Technician II,MA,1824,22-09-1978,F,Married,US Citizen,No,Black or African American,07-07-2014,,,,Active,Production       ,Elijiah Gray,16,LinkedIn,Fully Meets,4.4,5,22-02-2019,17
Williams, Jacquelyn  ,10264,3,59728,1,Production Technician I,MA,2109,10-02-1969,F,Single,US Citizen,Yes,Black or African American,09-01-2012,27-06-2015,3.47,relocation out of area,Voluntarily Terminated,Production       ,Ketsia Liebig,19,Diversity Job Fair,Fully Meets,4.3,4,02-06-2014,16
Barone, Francesco  A,10265,3,58709,0,Production Technician I,MA,1810,20-07-1983,M ,Single,US Citizen,No,Two or more races,20-02-2012,,,,Active,Production       ,Kelley Spirea,18,Google Search,Fully Meets,4.6,4,14-02-2019,7
Stoica, Rick,10266,3,61355,0,Production Technician I,MA,2301,14-03-1985,M ,Married,US Citizen,No,Asian,17-02-2014,,,,Active,Production       ,Kelley Spirea,18,LinkedIn,Fully Meets,4.7,3,11-01-2019,4
Bondwell, Betsy,10267,3,57815,1,Production Technician II,MA,2210,16-01-1967,F,Single,US Citizen,No,White,10-01-2011,04-04-2014,3.23,career change,Voluntarily Terminated,Production       ,Elijiah Gray,16,Google Search,Fully Meets,4.8,5,04-03-2014,5
Thibaud, Kenneth,10268,3,67176,1,Production Technician II,MA,2472,16-09-1975,M ,Widowed,US Citizen,No,White,25-06-2007,30-08-2010,3.18,military,Voluntarily Terminated,Production       ,Webster Butler,39,Other,Fully Meets,4.1,4,14-07-2010,15
Close, Phil,10269,3,59369,1,Production Technician II,MA,2169,25-11-1978,M ,Married,US Citizen,No,White,30-08-2010,26-09-2011,1.07,career change,Voluntarily Terminated,Production       ,David Stanley,14,Indeed,Fully Meets,4.2,4,04-05-2011,6
Trzeciak, Cybil,10270,3,74813,1,Production Technician II,MA,1778,15-03-1985,F,Single,US Citizen,No,White,10-01-2011,02-07-2014,3.48,unhappy,Voluntarily Terminated,Production       ,Amy Dunn,11,LinkedIn,Fully Meets,4.4,3,05-01-2014,5
Zima, Colleen,10271,3,45046,0,Production Technician I,MA,1730,17-08-1978,F,Widowed,US Citizen,No,Asian,29-09-2014,,,,Active,Production       ,David Stanley,14,LinkedIn,Fully Meets,4.5,5,30-01-2019,2
Houlihan, Debra,10272,3,180000,0,Director of Sales,RI,2908,17-03-1966,F,Married,US Citizen,No,White,05-05-2014,,,,Active,Sales,Janet King,2,LinkedIn,Fully Meets,4.5,4,21-01-2019,19
Galia, Lisa,10273,3,65707,0,IT Support,CT,6040,07-06-1968,F,Single,US Citizen,No,White,01-05-2010,,,,Active,IT/IS,Eric Dougall,6,LinkedIn,Fully Meets,4.7,4,01-02-2019,1
Wallace, Courtney  E,10274,3,80512,1,Production Manager,MA,2478,14-11-1955,F,Married,US Citizen,No,Black or African American,26-09-2011,02-01-2012,0.27,Another position,Voluntarily Terminated,Production       ,Janet King,2,Diversity Job Fair,Fully Meets,4.5,3,02-01-2012,5
Cloninger, Jennifer,10275,3,64066,1,Production Technician II,MA,1752,31-08-1981,F,Married,US Citizen,No,White,16-05-2011,07-01-2013,1.65,unhappy,Voluntarily Terminated,Production       ,Brannon Miller,12,Google Search,Fully Meets,4.2,5,03-05-2012,9
Dickinson, Geoff ,10276,3,51259,0,Production Technician I,MA,2180,15-11-1982,M ,Single,US Citizen,No,White,12-05-2014,,,,Active,Production       ,Ketsia Liebig,19,Indeed,Fully Meets,4.3,4,19-02-2019,1
Becker, Scott,10277,3,53250,0,Production Technician I,MA,2452,04-06-1979,M ,Single,US Citizen,No,Asian,08-07-2013,,,,Active,Production       ,Webster Butler,39,LinkedIn,Fully Meets,4.2,4,11-01-2019,13
Stanford,Barbara  M,10278,3,47961,0,Production Technician I,MA,2050,25-08-1982,F,Divorced,US Citizen,No,Two or more races,10-01-2011,,,,Active,Production       ,Kissy Sullivan,20,Google Search,Fully Meets,4.1,4,07-02-2019,9
Mangal, Debbie,10279,3,61349,0,Production Technician I,MA,2451,11-07-1974,F,Married,US Citizen,No,White,11-11-2013,,,,Active,Production       ,Brannon Miller,12,LinkedIn,Fully Meets,4.1,3,22-01-2019,11
Estremera, Miguel,10280,2,60340,1,Production Technician I,MA,2129,09-02-1983,M ,Single,US Citizen,No,White,02-04-2012,27-09-2018,6.49,attendance,Terminated for Cause,Production       ,Michael Albert,22,Google Search,Needs Improvement,5,4,12-04-2018,16
Owad, Clinton,10281,2,53060,0,Production Technician I,MA,1760,24-11-1979,M ,Single,US Citizen,No,Black or African American,17-02-2014,,,,Active,Production       ,Michael Albert,22,LinkedIn,Needs Improvement,4.25,3,04-02-2019,6
Corleone, Michael,10282,2,68051,0,Production Manager,MA,1803,17-12-1975,M ,Divorced,US Citizen,No,White,20-07-2010,,,,Active,Production       ,Janet King,2,CareerBuilder,Needs Improvement,4.13,2,14-01-2019,3
Gilles, Alex,10283,2,54933,1,Production Technician I,MA,2062,08-09-1974,M ,Married,US Citizen,No,Black or African American,02-04-2012,25-06-2015,3.23,military,Voluntarily Terminated,Production       ,Webster Butler,39,Diversity Job Fair,Needs Improvement,3.97,4,20-01-2015,15
DiNocco, Lily ,10284,2,61584,0,Production Technician I,MA,2351,12-02-1978,F,Married,US Citizen,No,Black or African American,07-01-2013,,,,Active,Production       ,Brannon Miller,12,Indeed,Needs Improvement,3.88,4,18-01-2019,6
Robinson, Cherly,10285,2,61422,1,Production Technician I,MA,1460,01-07-1985,F,Married,US Citizen,No,White,10-01-2011,17-05-2016,5.35,attendance,Terminated for Cause,Production       ,Ketsia Liebig,19,Indeed,Needs Improvement,3.6,3,05-04-2016,16
Smith, Martin,10286,2,53564,1,Production Technician I,MA,2458,17-03-1988,M ,Single,US Citizen,No,Black or African American,10-01-2011,28-12-2017,6.97,career change,Voluntarily Terminated,Production       ,Webster Butler,39,Google Search,Needs Improvement,3.54,5,06-04-2017,15
Trang, Mei,10287,2,63025,0,Production Technician I,MA,2021,16-05-1983,F,Single,US Citizen,No,White,17-02-2014,,,,Active,Production       ,David Stanley,14,LinkedIn,Needs Improvement,2.44,5,11-02-2019,18
Monroe, Peter,10288,2,157000,0,IT Manager - Infra,MA,2134,10-05-1986,M ,Married,Eligible NonCitizen,Yes,Black or African American,15-02-2012,,,,Active,IT/IS,Jennifer Zamora,5,Diversity Job Fair,Needs Improvement,2.39,3,22-02-2019,13
Immediato, Walter,10289,2,83082,1,Production Manager,MA,2128,15-11-1976,M ,Married,US Citizen,No,Asian,21-02-2011,24-09-2012,1.59,unhappy,Voluntarily Terminated,Production       ,Janet King,2,Indeed,Needs Improvement,2.34,2,12-04-2012,4
Exantus, Susan,10290,2,99280,1,Software Engineer,MA,1749,15-05-1987,F,Married,US Citizen,No,Black or African American,02-05-2011,05-06-2013,2.1,attendance,Terminated for Cause,Software Engineering,Alex Sweetwater,10,Indeed,Needs Improvement,2.1,5,10-08-2012,19
Smith, John,10291,2,72992,0,Sales Manager,MA,1886,16-08-1984,M ,Divorced,US Citizen,No,Black or African American,18-05-2014,,,,Active,Sales,Debra Houlihan,15,Diversity Job Fair,Needs Improvement,2.4,4,16-01-2019,16
Cole, Spencer,10292,2,59144,1,Production Technician I,MA,1880,08-12-1979,M ,Single,US Citizen,No,Black or African American,11-07-2011,23-09-2016,5.21,performance,Terminated for Cause,Production       ,Kissy Sullivan,20,LinkedIn,Needs Improvement,2,3,01-05-2016,16
Wallace, Theresa,10293,2,50274,1,Production Technician I,MA,1887,08-02-1980,F,Single,US Citizen,No,White,13-08-2012,01-09-2015,3.05,career change,Voluntarily Terminated,Production       ,Elijiah Gray,16,CareerBuilder,Needs Improvement,2.5,3,05-09-2014,13
Blount, Dianna,10294,2,66441,0,Production Technician II,MA,2171,21-09-1990,F,Single,US Citizen,No,White,04-04-2011,,,,Active,Production       ,Michael Albert,22,CareerBuilder,Needs Improvement,2,3,27-02-2019,3
Saar-Beckles, Melinda,10295,2,47750,0,Production Technician I,MA,1801,06-06-1968,F,Single,US Citizen,No,Black or African American,04-07-2016,,,,Active,Production       ,Kelley Spirea,18,Diversity Job Fair,Needs Improvement,2.6,4,18-02-2019,4
Evensen, April,10296,2,59124,1,Production Technician I,MA,2458,05-06-1989,F,Single,US Citizen,No,White,17-02-2014,25-02-2018,4.02,"no-call, no-show",Terminated for Cause,Production       ,Elijiah Gray,16,Google Search,Needs Improvement,2.3,3,15-01-2017,19
Pelletier, Ermine,10297,2,60270,1,Production Technician II,MA,2472,18-07-1989,F,Married,US Citizen,No,Asian,05-07-2011,15-09-2015,4.2,unhappy,Voluntarily Terminated,Production       ,Amy Dunn,11,CareerBuilder,Needs Improvement,2.4,5,06-02-2015,2
Miller, Ned,10298,1,55800,1,Production Technician II,MA,2472,29-06-1985,M ,Single,US Citizen,No,White,15-08-2011,04-09-2014,3.06,unhappy,Voluntarily Terminated,Production       ,Brannon Miller,12,LinkedIn,PIP,3,2,14-01-2013,6
Erilus, Angela,10299,1,56847,0,Production Technician II,MA,2133,25-08-1989,F,Separated,US Citizen,No,White,07-07-2014,,,,Active,Production       ,Michael Albert,22,Indeed,PIP,3,1,25-02-2019,5
Gonzalez, Juan,10300,1,68898,1,Production Technician II,MA,2128,10-12-1964,M ,Married,US Citizen,No,Black or African American,26-04-2010,30-05-2011,1.09,career change,Voluntarily Terminated,Production       ,Brannon Miller,12,Diversity Job Fair,PIP,3,3,06-03-2011,10
Ybarra, Catherine ,10301,1,48513,1,Production Technician I,MA,2458,05-04-1982,F,Single,US Citizen,No,Asian,02-09-2008,29-09-2015,7.08,Another position,Voluntarily Terminated,Production       ,Brannon Miller,12,Google Search,PIP,3.2,2,02-09-2015,4
Sparks, Taylor  ,10302,1,64021,0,Production Technician I,MA,2093,20-07-1968,F,Married,US Citizen,No,White,20-02-2012,,,,Active,Production       ,Brannon Miller,12,Indeed,PIP,2.4,2,25-02-2019,20
O'hare, Lynn,10303,1,52674,1,Production Technician I,MA,2152,30-09-1980,F,Single,US Citizen,No,Two or more races,31-03-2014,01-05-2018,4.09,performance,Terminated for Cause,Production       ,Kissy Sullivan,20,LinkedIn,PIP,2.33,2,09-03-2018,3
Dietrich, Jenna  ,10304,1,59231,0,Area Sales Manager,WA,98052,14-05-1987,F,Single,US Citizen,Yes,White,20-02-2012,,,,Active,Sales,John Smith,17,Website,PIP,2.3,1,29-01-2019,17
Forrest, Alex,10305,3,70187,1,Area Sales Manager,MA,2330,07-07-1975,M ,Married,US Citizen,No,White,29-09-2014,19-08-2018,3.89,Fatal attraction,Terminated for Cause,Sales,Lynn Daneault,21,Employee Referral,PIP,2,5,28-01-2019,7
Delarge, Alex,10306,1,61568,0,Area Sales Manager,AL,36006,11-02-1975,M ,Single,US Citizen,No,Two or more races,29-09-2014,,,,Active,Sales,John Smith,17,Indeed,PIP,1.93,3,30-01-2019,5
Stansfield, Norman,10307,1,58273,0,Area Sales Manager,NV,89139,05-09-1974,M ,Married,US Citizen,No,White,12-05-2014,,,,Active,Sales,Lynn Daneault,21,Website,PIP,1.81,2,17-01-2019,5
Fernandes, Nilson  ,10308,1,64057,0,Production Technician I,MA,2132,18-10-1989,M ,Married,US Citizen,No,White,11-05-2015,,,,Active,Production       ,Amy Dunn,11,Indeed,PIP,1.56,5,03-01-2019,15
Fett, Boba,10309,1,53366,0,Network Engineer,MA,2138,18-06-1987,M ,Single,US Citizen,No,White,30-03-2015,,,,Active,IT/IS,Peter Monroe,7,LinkedIn,PIP,1.2,3,04-02-2019,2
Desimone, Carl ,10310,1,53189,0,Production Technician I,MA,2061,19-04-1967,M ,Married,US Citizen,No,White,07-07-2014,,,,Active,Production       ,Amy Dunn,11,Indeed,PIP,1.12,2,31-01-2019,9
Dee, Randy,10311,1,56991,0,Production Technician I,MA,2138,15-04-1988,M ,Married,US Citizen,No,White,09-07-2018,,,,Active,Production       ,Brannon Miller,12,Indeed,Fully Meets,4.3,4,31-01-2019,2
